{
    "24": {
        "0": {
            "shift_r": "-50000",
            "shift_c": "-50000"
        },
        "1": {
            "shift_r": "-50000",
            "shift_c": "-50000"
        },
        "2": {
            "shift_r": "-50000",
            "shift_c": "-50000"
        },
        "3": {
            "shift_r": "-50000",
            "shift_c": "-50000"
        },
        "4": {
            "shift_r": "3",
            "shift_c": "1764"
        },
        "5": {
            "shift_r": "4",
            "shift_c": "1757"
        },
        "6": {
            "shift_r": "7",
            "shift_c": "1761"
        },
        "7": {
            "shift_r": "7",
            "shift_c": "1758"
        },
        "8": {
            "shift_r": "8",
            "shift_c": "1768"
        },
        "9": {
            "shift_r": "5",
            "shift_c": "1770"
        },
        "10": {
            "shift_r": "3",
            "shift_c": "1778"
        },
        "11": {
            "shift_r": "4",
            "shift_c": "1769"
        },
        "12": {
            "shift_r": "5",
            "shift_c": "1756"
        },
        "13": {
            "shift_r": "8",
            "shift_c": "1760"
        },
        "14": {
            "shift_r": "8",
            "shift_c": "1764"
        },
        "15": {
            "shift_r": "6",
            "shift_c": "1766"
        },
        "16": {
            "shift_r": "4",
            "shift_c": "1771"
        },
        "17": {
            "shift_r": "3",
            "shift_c": "1771"
        },
        "18": {
            "shift_r": "4",
            "shift_c": "1763"
        },
        "19": {
            "shift_r": "7",
            "shift_c": "1762"
        },
        "20": {
            "shift_r": "8",
            "shift_c": "1759"
        },
        "21": {
            "shift_r": "7",
            "shift_c": "1766"
        },
        "22": {
            "shift_r": "5",
            "shift_c": "1768"
        },
        "23": {
            "shift_r": "4",
            "shift_c": "1780"
        },
        "24": {
            "shift_r": "5",
            "shift_c": "1764"
        },
        "25": {
            "shift_r": "6",
            "shift_c": "1765"
        },
        "26": {
            "shift_r": "7",
            "shift_c": "1754"
        },
        "27": {
            "shift_r": "5",
            "shift_c": "1763"
        },
        "28": {
            "shift_r": "6.5",
            "shift_c": "1764"
        },
        "29": {
            "shift_r": "5",
            "shift_c": "1770"
        },
        "30": {
            "shift_r": "5",
            "shift_c": "1770"
        },
        "31": {
            "shift_r": "4",
            "shift_c": "1763"
        },
        "32": {
            "shift_r": "8",
            "shift_c": "1760"
        },
        "33": {
            "shift_r": "7",
            "shift_c": "1759"
        },
        "34": {
            "shift_r": "6",
            "shift_c": "1764"
        },
        "35": {
            "shift_r": "6",
            "shift_c": "1767"
        },
        "36": {
            "shift_r": "5",
            "shift_c": "1780"
        },
        "37": {
            "shift_r": "4",
            "shift_c": "1767"
        },
        "38": {
            "shift_r": "5.5",
            "shift_c": "1760.5"
        },
        "39": {
            "shift_r": "7",
            "shift_c": "1754"
        },
        "40": {
            "shift_r": "7",
            "shift_c": "1766"
        },
        "41": {
            "shift_r": "6",
            "shift_c": "1767"
        },
        "42": {
            "shift_r": "6",
            "shift_c": "1771"
        },
        "43": {
            "shift_r": "4",
            "shift_c": "1766"
        },
        "44": {
            "shift_r": "4",
            "shift_c": "1766"
        },
        "45": {
            "shift_r": "6",
            "shift_c": "1762"
        },
        "46": {
            "shift_r": "7",
            "shift_c": "1757"
        },
        "47": {
            "shift_r": "7",
            "shift_c": "1767"
        },
        "48": {
            "shift_r": "6",
            "shift_c": "1764"
        },
        "49": {
            "shift_r": "4",
            "shift_c": "1778"
        },
        "50": {
            "shift_r": "3",
            "shift_c": "1766"
        },
        "51": {
            "shift_r": "6",
            "shift_c": "1763"
        },
        "52": {
            "shift_r": "6",
            "shift_c": "1755"
        },
        "53": {
            "shift_r": "8",
            "shift_c": "1766"
        },
        "54": {
            "shift_r": "6",
            "shift_c": "1765"
        },
        "55": {
            "shift_r": "5",
            "shift_c": "1771"
        },
        "56": {
            "shift_r": "3",
            "shift_c": "1765"
        },
        "57": {
            "shift_r": "3",
            "shift_c": "1761"
        },
        "58": {
            "shift_r": "7",
            "shift_c": "1765"
        },
        "59": {
            "shift_r": "7",
            "shift_c": "1754"
        },
        "60": {
            "shift_r": "7",
            "shift_c": "1774"
        },
        "61": {
            "shift_r": "7",
            "shift_c": "1759"
        },
        "62": {
            "shift_r": "5",
            "shift_c": "1775"
        },
        "63": {
            "shift_r": "2",
            "shift_c": "1757"
        },
        "64": {
            "shift_r": "5",
            "shift_c": "1767"
        },
        "65": {
            "shift_r": "6",
            "shift_c": "1756"
        },
        "66": {
            "shift_r": "7",
            "shift_c": "1772"
        },
        "67": {
            "shift_r": "7",
            "shift_c": "1766"
        },
        "68": {
            "shift_r": "4",
            "shift_c": "1765"
        },
        "69": {
            "shift_r": "5",
            "shift_c": "1760"
        },
        "70": {
            "shift_r": "3",
            "shift_c": "1759"
        },
        "71": {
            "shift_r": "5",
            "shift_c": "1761"
        },
        "72": {
            "shift_r": "7",
            "shift_c": "1761"
        },
        "73": {
            "shift_r": "7.5",
            "shift_c": "1773"
        },
        "74": {
            "shift_r": "6",
            "shift_c": "1764"
        },
        "75": {
            "shift_r": "4",
            "shift_c": "1770"
        },
        "76": {
            "shift_r": "-50000",
            "shift_c": "-50000"
        },
        "77": {
            "shift_r": "3",
            "shift_c": "1758"
        },
        "78": {
            "shift_r": "9",
            "shift_c": "1720"
        },
        "79": {
            "shift_r": "-50000",
            "shift_c": "-50000"
        },
        "80": {
            "shift_r": "-50000",
            "shift_c": "-50000"
        },
        "81": {
            "shift_r": "-50000",
            "shift_c": "-50000"
        },
        "82": {
            "shift_r": "-50000",
            "shift_c": "-50000"
        },
        "83": {
            "shift_r": "-50000",
            "shift_c": "-50000"
        },
        "84": {
            "shift_r": "-50000",
            "shift_c": "-50000"
        },
        "85": {
            "shift_r": "-50000",
            "shift_c": "-50000"
        },
        "86": {
            "shift_r": "-50000",
            "shift_c": "-50000"
        }
    }
}
